City_ID,City,Country,Date,Lat,Lng,Max Temp,Humidity,Cloudiness,Wind Speed
0,Rikitea,PF,2022-08-04 01:24:37,-23.1203,-134.9692,71.98,72,86,17.47
1,Port Elizabeth,ZA,2022-08-04 01:24:37,-33.918,25.5701,57.49,94,0,14.97
2,Puerto Ayora,EC,2022-08-04 01:24:38,-0.7393,-90.3518,70.56,83,100,8.99
3,Atuona,PF,2022-08-04 01:20:26,-9.8,-139.0333,77.31,81,27,16.11
4,Saskylakh,RU,2022-08-04 01:24:39,71.9167,114.0833,52.3,52,31,12.28
5,Saint-Georges,GD,2022-08-04 01:24:39,12.0564,-61.7485,78.48,89,40,18.41
6,Arraial Do Cabo,BR,2022-08-04 01:21:02,-22.9661,-42.0278,64.26,88,0,2.3
7,Punta Arenas,CL,2022-08-04 01:20:29,-53.15,-70.9167,37.51,93,75,18.41
8,Butaritari,KI,2022-08-04 01:24:40,3.0707,172.7902,81.75,75,33,15.82
9,Provideniya,RU,2022-08-04 01:24:40,64.3833,-173.3,42.91,100,0,11.18
10,Jamestown,US,2022-08-04 01:22:48,42.097,-79.2353,80.71,53,0,8.05
11,Lasa,IT,2022-08-04 01:24:41,46.6166,10.7002,67.08,90,20,1.77
12,Changying,CN,2022-08-04 01:24:41,52.8733,123.3213,71.44,76,100,3.38
13,Waingapu,ID,2022-08-04 01:24:41,-9.6567,120.2641,80.38,61,34,8.16
14,Airai,TL,2022-08-04 01:24:41,-8.9266,125.4092,69.87,43,86,2.84
15,Lansdale,US,2022-08-04 01:24:42,40.2415,-75.2838,83.84,68,0,0.0
16,Brigantine,US,2022-08-04 01:24:42,39.4101,-74.3646,79.05,84,0,9.89
17,Dunedin,NZ,2022-08-04 01:22:18,-45.8742,170.5036,51.8,73,100,5.99
18,Cape Town,ZA,2022-08-04 01:24:42,-33.9258,18.4232,55.81,82,75,10.36
19,Okha,RU,2022-08-04 01:24:43,53.5739,142.9478,60.55,87,95,12.64
20,Qaanaaq,GL,2022-08-04 01:24:43,77.484,-69.3632,43.99,63,7,4.12
21,Hilo,US,2022-08-04 01:24:43,19.7297,-155.09,80.33,79,0,11.5
22,Tuktoyaktuk,CA,2022-08-04 01:24:44,69.4541,-133.0374,53.6,82,40,10.36
23,Inhambane,MZ,2022-08-04 01:24:44,-23.865,35.3833,64.36,72,0,3.89
24,Sehithwa,BW,2022-08-04 01:24:44,-20.4667,22.7167,62.08,47,0,6.06
25,Kuliyapitiya,LK,2022-08-04 01:24:45,7.4688,80.0401,78.48,93,100,14.14
26,Port Alfred,ZA,2022-08-04 01:24:45,-33.5906,26.891,57.18,92,31,3.0
27,Aswan,EG,2022-08-04 01:24:45,24.0934,32.907,87.1,23,0,4.61
28,Yatou,CN,2022-08-04 01:24:45,37.15,122.3833,84.04,81,0,8.79
29,Albany,US,2022-08-04 01:21:23,42.6001,-73.9662,76.68,69,0,3.18
30,Ishigaki,JP,2022-08-04 01:24:46,24.3448,124.1572,89.73,70,75,10.36
31,Zemio,CF,2022-08-04 01:24:46,5.0314,25.1361,66.74,96,66,2.24
32,Port Lincoln,AU,2022-08-04 01:24:47,-34.7333,135.8667,57.4,75,27,33.46
33,Kapaa,US,2022-08-04 01:24:47,22.0752,-159.319,84.52,64,20,11.5
34,Hanyang,CN,2022-08-04 01:24:47,32.1371,105.5126,74.35,89,98,2.57
35,Bouca,CF,2022-08-04 01:24:48,6.5105,18.2733,68.04,98,100,1.07
36,Lebu,CL,2022-08-04 01:24:48,-37.6167,-73.65,47.75,89,92,8.99
37,Cidreira,BR,2022-08-04 01:24:48,-30.1811,-50.2056,62.31,94,100,8.68
38,Bluff,NZ,2022-08-04 01:24:49,-46.6,168.3333,57.79,67,25,17.72
39,San Felipe,VE,2022-08-04 01:24:49,10.3399,-68.7425,72.68,99,100,2.75
40,Dikson,RU,2022-08-04 01:24:49,73.5069,80.5464,44.56,96,100,8.63
41,Mataura,NZ,2022-08-04 01:24:50,-46.1927,168.8643,57.47,62,48,5.99
42,Evensk,RU,2022-08-04 01:24:50,61.95,159.2333,53.17,96,100,8.16
43,Kichha,IN,2022-08-04 01:24:50,28.9167,79.5,78.94,88,100,4.83
44,Carnarvon,AU,2022-08-04 01:24:51,-24.8667,113.6333,66.04,54,92,14.79
45,Ust-Ilimsk,RU,2022-08-04 01:25:51,58.0006,102.6619,55.09,79,100,5.37
46,Mar Del Plata,AR,2022-08-04 01:24:59,-38.0023,-57.5575,50.88,90,100,8.05
47,Mehamn,NO,2022-08-04 01:25:52,71.0357,27.8492,56.1,76,100,9.42
48,Vaini,TO,2022-08-04 01:25:52,-21.2,-175.2,80.76,89,40,10.36
49,Hermanus,ZA,2022-08-04 01:25:52,-34.4187,19.2345,46.8,84,71,10.25
50,Ola,RU,2022-08-04 01:25:53,59.5833,151.2833,62.15,82,100,13.94
51,Yellowknife,CA,2022-08-04 01:24:50,62.456,-114.3525,64.92,39,20,8.05
52,Olafsvik,IS,2022-08-04 01:25:53,64.8945,-23.7142,46.74,73,12,11.14
53,Saint-Philippe,RE,2022-08-04 01:25:53,-21.3585,55.7679,64.22,84,51,9.22
54,Mackay,AU,2022-08-04 01:25:54,-21.15,149.2,76.68,80,99,3.33
55,Klaksvik,FO,2022-08-04 01:25:54,62.2266,-6.589,47.32,83,100,13.78
56,Bethel,US,2022-08-04 01:25:54,41.3712,-73.414,77.76,77,0,3.69
57,Bonga,ET,2022-08-04 01:25:55,7.2833,36.2333,58.48,99,91,0.31
58,Castro,BR,2022-08-04 01:25:55,-24.7911,-50.0119,59.14,69,0,4.03
59,The Valley,AI,2022-08-04 01:25:55,18.217,-63.0578,83.1,79,81,21.56
60,Horconcitos,PA,2022-08-04 01:25:56,8.4682,-81.8007,67.75,99,100,2.06
61,Aktau,KZ,2022-08-04 01:25:56,43.65,51.2,73.98,39,21,9.89
62,Nikolskoye,RU,2022-08-04 01:25:56,59.7035,30.7861,62.8,94,16,4.83
63,Chernenko,RU,2022-08-04 01:25:57,44.365,39.3103,64.18,91,0,2.51
64,Waitati,NZ,2022-08-04 01:25:57,-45.75,170.5667,52.81,74,100,10.65
65,Souillac,MU,2022-08-04 01:25:58,-20.5167,57.5167,68.38,73,40,5.75
66,Kruisfontein,ZA,2022-08-04 01:25:58,-34.0033,24.7314,56.41,89,94,5.84
67,Puro,PH,2022-08-04 01:25:58,12.4841,123.3827,83.41,74,100,2.01
68,Khash,IR,2022-08-04 01:25:59,28.2211,61.2158,76.35,22,0,3.98
69,Port Augusta,AU,2022-08-04 01:25:59,-32.5,137.7667,65.16,38,2,25.37
70,Vostok,RU,2022-08-04 01:25:59,46.4856,135.8833,75.2,72,97,2.53
71,Ukiah,US,2022-08-04 01:25:59,39.1502,-123.2078,96.69,34,0,4.0
72,Bambous Virieux,MU,2022-08-04 01:26:00,-20.3428,57.7575,68.25,73,40,5.75
73,Ushuaia,AR,2022-08-04 01:26:00,-54.8,-68.3,37.06,87,40,3.44
74,Tasiilaq,GL,2022-08-04 01:26:00,65.6145,-37.6368,39.09,71,100,3.2
75,Barrow,US,2022-08-04 01:26:01,71.2906,-156.7887,50.02,76,75,20.71
76,Ilulissat,GL,2022-08-04 01:26:01,69.2167,-51.1,50.02,57,75,2.3
77,Mabaruma,GY,2022-08-04 01:26:01,8.2,-59.7833,74.05,95,90,3.0
78,Acapulco,MX,2022-08-04 01:22:40,16.8634,-99.8901,84.02,74,40,3.44
79,New Norfolk,AU,2022-08-04 01:26:02,-42.7826,147.0587,58.91,75,1,3.0
80,Busselton,AU,2022-08-04 01:26:02,-33.65,115.3333,53.38,66,100,14.7
81,Shenjiamen,CN,2022-08-04 01:26:03,29.9576,122.298,84.43,81,0,16.71
82,Longyearbyen,SJ,2022-08-04 01:26:03,78.2186,15.6401,48.04,93,75,4.61
83,Chernyshevskiy,RU,2022-08-04 01:26:04,63.0128,112.4714,52.66,97,100,6.42
84,Hovd,MN,2022-08-04 01:26:04,48.0056,91.6419,69.03,40,100,1.9
85,Awbari,LY,2022-08-04 01:26:04,26.5921,12.7805,87.98,23,6,14.16
86,Machakos,KE,2022-08-04 01:26:05,-1.5167,37.2667,57.15,85,93,2.17
87,Nokha,IN,2022-08-04 01:26:05,27.6,73.4167,86.18,66,100,6.91
88,Hithadhoo,MV,2022-08-04 01:26:05,-0.6,73.0833,81.68,69,100,15.1
89,Sakakah,SA,2022-08-04 01:26:06,29.9697,40.2064,96.37,23,0,5.7
90,Meadow Lake,US,2022-08-04 01:26:34,34.8014,-106.5436,89.46,33,83,23.06
91,Wanning,CN,2022-08-04 01:27:07,18.8003,110.3967,83.52,78,100,4.9
92,Clyde River,CA,2022-08-04 01:23:38,70.4692,-68.5914,39.43,100,100,12.66
93,Cabo San Lucas,MX,2022-08-04 01:25:10,22.8909,-109.9124,92.61,48,0,9.22
94,Kaoma,ZM,2022-08-04 01:27:07,-14.7833,24.8,55.49,54,0,6.51
95,Keti Bandar,PK,2022-08-04 01:27:08,24.1447,67.4497,80.96,85,100,7.94
96,Numaran,MX,2022-08-04 01:27:08,20.25,-101.9333,70.75,68,82,3.58
97,Hobart,AU,2022-08-04 01:27:09,-42.8794,147.3294,59.25,61,20,10.36
98,Fortuna,US,2022-08-04 01:27:09,40.5982,-124.1573,70.09,71,20,11.5
99,Ibra,OM,2022-08-04 01:27:09,22.6906,58.5334,85.53,58,97,2.53
100,Kudat,MY,2022-08-04 01:27:10,6.8837,116.8477,84.13,79,20,3.44
101,Hasaki,JP,2022-08-04 01:27:10,35.7333,140.8333,77.29,81,100,13.71
102,Saint George,US,2022-08-04 01:23:47,37.1041,-113.5841,99.19,25,0,10.36
103,Banjar,ID,2022-08-04 01:27:11,-8.19,114.9675,82.71,54,17,3.56
104,San Ramon,US,2022-08-04 01:24:04,37.7799,-121.978,98.49,46,0,12.66
105,Orlik,RU,2022-08-04 01:27:11,52.5178,99.825,56.66,83,94,1.25
106,Carutapera,BR,2022-08-04 01:27:12,-1.195,-46.02,75.29,92,13,6.46
107,Flinders,AU,2022-08-04 01:27:12,-34.5833,150.8552,66.38,79,100,3.0
108,Caravelas,BR,2022-08-04 01:27:12,-17.7125,-39.2481,69.4,74,100,5.86
109,Ribeira Grande,PT,2022-08-04 01:27:13,38.5167,-28.7,75.54,89,26,4.72
110,Ostrovnoy,RU,2022-08-04 01:27:13,68.0531,39.5131,53.28,85,100,14.85
111,Tabou,CI,2022-08-04 01:27:13,4.423,-7.3528,74.34,82,100,8.55
112,Tiksi,RU,2022-08-04 01:27:14,71.6872,128.8694,43.79,80,100,6.96
113,Avarua,CK,2022-08-04 01:27:14,-21.2078,-159.775,77.05,61,17,13.8
114,Marzuq,YE,2022-08-04 01:27:14,14.4,46.4667,75.6,67,97,4.07
115,Faanui,PF,2022-08-04 01:27:15,-16.4833,-151.75,78.31,76,17,23.06
116,Beipiao,CN,2022-08-04 01:27:15,41.7919,120.7792,84.52,69,100,9.33
117,Tsaratanana,MG,2022-08-04 01:27:15,-16.7833,47.65,62.4,79,0,8.99
118,Shu,KZ,2022-08-04 01:27:16,43.5983,73.7614,69.31,68,10,7.29
119,Tazovskiy,RU,2022-08-04 01:27:16,67.4667,78.7,57.96,66,96,6.02
120,Road Town,VG,2022-08-04 01:23:20,18.4167,-64.6167,82.49,78,40,10.36
121,Dingle,PH,2022-08-04 01:27:16,10.9995,122.6711,80.89,83,100,1.34
122,Agirish,RU,2022-08-04 01:27:17,61.9247,63.0231,58.8,70,22,4.94
123,North Bend,US,2022-08-04 01:27:17,43.4065,-124.2243,66.92,83,0,10.36
124,Ahipara,NZ,2022-08-04 01:27:17,-35.1667,173.1667,63.97,69,1,2.55
125,Puerto Leguizamo,CO,2022-08-04 01:27:18,-0.1934,-74.7819,73.17,93,100,1.97
126,Mahebourg,MU,2022-08-04 01:27:18,-20.4081,57.7,68.29,73,40,5.75
127,Katsuura,JP,2022-08-04 01:27:18,35.1333,140.3,75.22,84,100,15.82
128,Chuy,UY,2022-08-04 01:27:19,-33.6971,-53.4616,57.27,99,100,5.19
129,Norman Wells,CA,2022-08-04 01:27:19,65.282,-126.8329,64.44,59,75,9.22
130,Mount Isa,AU,2022-08-04 01:27:19,-20.7333,139.5,89.37,33,0,19.57
131,Pasni,PK,2022-08-04 01:25:08,25.2631,63.471,81.09,87,97,5.61
132,Kalmunai,LK,2022-08-04 01:27:20,7.4167,81.8167,78.48,75,100,7.05
133,Vestmannaeyjar,IS,2022-08-04 01:27:20,63.4427,-20.2734,47.55,74,14,23.44
134,Kodiak,US,2022-08-04 01:27:21,57.79,-152.4072,71.11,43,100,13.8
135,Ponta Do Sol,PT,2022-08-04 01:27:21,32.6667,-17.1,73.0,75,5,6.13
136,Ponta Delgada,PT,2022-08-04 01:28:21,37.7333,-25.6667,74.12,94,75,6.91
137,Rawson,AR,2022-08-04 01:28:22,-43.3002,-65.1023,46.0,64,49,9.57
138,Shar,KZ,2022-08-04 01:28:22,49.5886,81.0453,64.18,46,100,10.07
139,Victoria,HK,2022-08-04 01:24:16,22.2855,114.1577,81.32,90,100,5.01
140,Nanortalik,GL,2022-08-04 01:28:22,60.1432,-45.2371,48.92,97,100,22.7
141,Cherskiy,RU,2022-08-04 01:28:23,68.75,161.3,49.32,67,100,12.62
142,Plettenberg Bay,ZA,2022-08-04 01:28:23,-34.0527,23.3716,57.29,89,99,6.96
143,Yicheng,CN,2022-08-04 01:28:23,31.3705,119.8703,89.78,65,5,9.42
144,Tautira,PF,2022-08-04 01:28:24,-17.7333,-149.15,76.98,79,31,25.46
145,Maceio,BR,2022-08-04 01:24:04,-9.6658,-35.7353,74.64,88,75,4.61
146,Itoman,JP,2022-08-04 01:28:24,26.1247,127.6694,88.57,82,40,9.22
147,Lorengau,PG,2022-08-04 01:28:24,-2.0226,147.2712,82.56,78,100,12.24
148,Kaniama,CD,2022-08-04 01:28:25,-7.5667,24.1833,68.67,38,1,2.26
149,Beringovskiy,RU,2022-08-04 01:28:25,63.05,179.3167,51.13,83,100,5.86
150,Oranjemund,NA,2022-08-04 01:28:25,-28.55,16.4333,53.69,94,72,6.91
151,Nocupetaro,MX,2022-08-04 01:28:26,19.05,-101.15,78.22,79,50,0.89
152,Hinton,CA,2022-08-04 01:28:26,53.4001,-117.5857,58.24,88,100,1.54
153,Tigil,RU,2022-08-04 01:28:27,57.8,158.6667,58.14,83,100,12.55
154,Mecca,SA,2022-08-04 01:27:28,21.4267,39.8261,87.12,50,100,5.17
155,Verkhoyansk,RU,2022-08-04 01:28:27,67.5447,133.385,46.44,91,100,7.09
156,Egvekinot,RU,2022-08-04 01:28:28,66.3167,-179.1667,54.34,66,66,6.76
157,Macapa,BR,2022-08-04 01:28:28,0.0389,-51.0664,82.38,78,40,5.75
158,Dourbali,TD,2022-08-04 01:28:28,11.8091,15.8632,77.22,70,58,4.07
159,Marystown,CA,2022-08-04 01:28:29,47.1666,-55.1483,67.86,100,42,5.01
160,San Pedro,PH,2022-08-04 01:28:29,14.35,121.0167,83.43,80,75,2.3
161,Tezu,IN,2022-08-04 01:28:29,27.9167,96.1667,80.31,87,100,0.65
162,Torbay,CA,2022-08-04 01:28:30,47.6666,-52.7314,69.76,92,20,17.27
163,Severo-Kurilsk,RU,2022-08-04 01:23:58,50.6789,156.125,55.99,81,38,6.85
164,Nome,US,2022-08-04 01:28:30,64.5011,-165.4064,59.16,88,100,9.22
165,Melo,UY,2022-08-04 01:28:30,-32.3667,-54.1833,61.43,99,100,8.39
166,Usinsk,RU,2022-08-04 01:28:31,65.9939,57.5281,61.11,80,100,6.58
167,Bredasdorp,ZA,2022-08-04 01:28:31,-34.5322,20.0403,46.36,92,15,6.78
168,Ancud,CL,2022-08-04 01:24:14,-41.8697,-73.8203,42.22,74,100,6.13
169,Xichang,CN,2022-08-04 01:28:31,27.8964,102.2634,70.05,89,54,2.1
170,Tonosho,JP,2022-08-04 01:28:32,34.4833,134.1833,89.82,79,19,17.13
171,Weinan,CN,2022-08-04 01:28:32,34.5036,109.5089,87.06,60,0,3.44
172,Yantzaza,EC,2022-08-04 01:28:32,-3.8278,-78.7594,67.12,98,45,0.67
173,Yar-Sale,RU,2022-08-04 01:28:33,66.8333,70.8333,61.52,62,3,8.68
174,San Patricio,US,2022-08-04 01:28:33,28.017,-97.5169,88.54,65,2,19.06
175,Leh,IN,2022-08-04 01:28:33,34.1667,77.5833,60.8,48,1,4.59
176,Thompson,CA,2022-08-04 01:26:35,55.7435,-97.8558,60.96,51,75,6.91
177,Upernavik,GL,2022-08-04 01:28:34,72.7868,-56.1549,41.68,79,5,10.54
178,Brae,GB,2022-08-04 01:28:34,60.3964,-1.353,51.48,76,100,10.83
179,Jalu,LY,2022-08-04 01:28:35,29.0331,21.5482,80.67,45,0,10.29
180,Sault Sainte Marie,CA,2022-08-04 01:25:38,46.5168,-84.3333,73.96,90,75,6.91
181,Jatai,BR,2022-08-04 01:29:35,-17.8814,-51.7144,71.94,40,8,4.16
182,Constitucion,CL,2022-08-04 01:27:18,-35.3333,-72.4167,47.26,87,0,6.82
183,Cacule,BR,2022-08-04 01:29:36,-14.5033,-42.2222,68.02,48,0,5.93
184,Hambantota,LK,2022-08-04 01:29:36,6.1241,81.1185,77.34,88,75,9.22
185,Flin Flon,CA,2022-08-04 01:29:36,54.7682,-101.865,63.09,48,100,3.69
186,Alipur Chatha,PK,2022-08-04 01:29:37,32.2688,73.819,84.58,74,0,5.75
187,Zapolyarnyy,RU,2022-08-04 01:29:37,69.4154,30.8136,54.68,84,100,8.88
188,Truth Or Consequences,US,2022-08-04 01:29:37,33.1284,-107.2528,95.23,22,0,3.44
189,Khatanga,RU,2022-08-04 01:29:38,71.9667,102.5,57.38,56,49,12.75
190,Shingu,JP,2022-08-04 01:29:38,33.7333,135.9833,91.81,53,25,3.27
191,Gazanjyk,TM,2022-08-04 01:29:38,39.2446,55.5154,85.69,22,0,10.18
192,Mimongo,GA,2022-08-04 01:29:39,-1.6195,11.6068,68.95,83,100,3.67
193,Sao Joaquim,BR,2022-08-04 01:29:39,-28.2939,-49.9317,54.61,85,87,3.42
194,Sept-Iles,CA,2022-08-04 01:29:39,50.2001,-66.3821,64.4,69,75,5.75
195,Sobolevo,RU,2022-08-04 01:29:39,54.4299,31.8996,62.96,91,78,3.87
196,Buenaventura,CO,2022-08-04 01:29:40,3.8801,-77.0312,74.71,94,100,1.52
197,Ikwiriri,TZ,2022-08-04 01:29:40,-7.9562,38.9716,69.37,87,88,1.32
198,Batemans Bay,AU,2022-08-04 01:29:41,-35.7167,150.1833,61.11,66,100,12.55
199,Tvoroyri,FO,2022-08-04 01:29:41,61.5556,-6.8111,50.7,81,91,15.61
200,Riviere-Au-Renard,CA,2022-08-04 01:29:41,48.9957,-64.3971,57.49,81,28,6.33
201,Svetlyy,RU,2022-08-04 01:29:41,54.675,20.1347,64.96,67,100,9.51
202,East London,ZA,2022-08-04 01:25:31,-33.0153,27.9116,70.34,50,94,5.48
203,Helena,US,2022-08-04 01:29:42,46.5927,-112.0361,90.81,18,0,23.02
204,Tomatlan,MX,2022-08-04 01:29:42,19.9333,-105.25,84.09,74,18,3.89
205,Maumere,ID,2022-08-04 01:29:42,-8.6199,122.2111,80.11,65,100,6.73
206,Alofi,NU,2022-08-04 01:29:43,-19.0595,-169.9187,80.49,61,75,20.71
207,Esperance,AU,2022-08-04 01:29:43,-33.8667,121.9,53.44,69,93,31.7
208,Saint Anthony,US,2022-08-04 01:29:43,45.0205,-93.218,75.92,60,0,13.8
209,Monroe,US,2022-08-04 01:24:46,43.1501,-77.6831,82.47,67,75,1.01
210,Darlowo,PL,2022-08-04 01:29:44,54.421,16.4107,71.62,55,100,12.28
211,Tel Aviv-Yafo,IL,2022-08-04 01:29:44,32.0805,34.7805,78.12,80,40,3.44
212,Kawalu,ID,2022-08-04 01:29:44,-7.3817,108.2082,74.71,89,94,1.97
213,Alibag,IN,2022-08-04 01:29:45,18.6411,72.8792,82.47,83,98,1.54
214,Sao Joao Da Barra,BR,2022-08-04 01:29:45,-21.6403,-41.0511,68.49,87,0,2.48
215,Iqaluit,CA,2022-08-04 01:29:45,63.7506,-68.5145,47.93,76,75,16.11
216,Muros,ES,2022-08-04 01:29:07,42.7762,-9.0603,68.09,77,100,9.26
217,Hami,CN,2022-08-04 01:29:46,42.8,93.45,88.16,18,0,3.31
218,Rudsar,IR,2022-08-04 01:29:46,37.1376,50.288,80.58,79,80,6.42
219,Pangkalanbuun,ID,2022-08-04 01:29:46,-2.6833,111.6167,79.03,87,95,3.15
220,Bhagwantnagar,IN,2022-08-04 01:29:47,26.2333,80.75,83.53,75,100,5.37
221,Kavieng,PG,2022-08-04 01:29:47,-2.5744,150.7967,83.91,73,100,16.46
222,Pontianak,ID,2022-08-04 01:29:47,-0.0333,109.3333,78.78,88,20,2.3
223,Atasu,KZ,2022-08-04 01:29:48,48.6814,71.6433,64.99,77,70,16.46
224,Macon,US,2022-08-04 01:28:57,39.8667,-88.9668,73.13,100,100,11.5
225,Birjand,IR,2022-08-04 01:29:48,32.8663,59.2211,61.27,33,0,6.91
226,Pevek,RU,2022-08-04 01:29:48,69.7008,170.3133,35.13,97,100,11.3
227,Russell,US,2022-08-04 01:29:49,32.3502,-85.1999,83.8,94,0,0.0
228,Rovaniemi,FI,2022-08-04 01:27:46,66.5,25.7167,60.21,100,100,10.36
229,Illapel,CL,2022-08-04 01:30:49,-31.6308,-71.1653,49.8,91,32,2.42
230,Geraldton,AU,2022-08-04 01:30:49,-28.7667,114.6,57.61,82,75,17.27
231,Sheboygan,US,2022-08-04 01:30:50,43.7333,-87.9334,80.58,85,0,10.36
232,Sulphur,US,2022-08-04 01:30:50,30.2366,-93.3774,87.78,83,0,9.22
233,Iracoubo,GF,2022-08-04 01:30:50,5.4802,-53.2011,77.63,88,46,9.17
234,Antigonish,CA,2022-08-04 01:29:17,45.6169,-61.9986,68.27,94,62,3.13
235,Nishihara,JP,2022-08-04 01:30:51,26.1842,127.7558,87.85,81,40,9.22
236,Vanimo,PG,2022-08-04 01:30:51,-2.6741,141.3028,82.58,76,100,6.93
237,Bathsheba,BB,2022-08-04 01:29:45,13.2167,-59.5167,83.01,88,40,19.57
238,Pangnirtung,CA,2022-08-04 01:30:52,66.1451,-65.7125,47.91,76,100,0.69
239,Awjilah,LY,2022-08-04 01:30:52,29.1081,21.2869,78.69,53,0,8.19
240,Namatanai,PG,2022-08-04 01:30:52,-3.6667,152.4333,83.91,71,100,11.1
241,Taoudenni,ML,2022-08-04 01:30:53,22.6783,-3.9836,89.92,41,7,19.6
242,Colonia Leopoldina,BR,2022-08-04 01:30:53,-8.9089,-35.725,71.69,97,100,6.51
243,Itapetininga,BR,2022-08-04 01:30:53,-23.5917,-48.0531,59.38,85,0,3.69
244,Sfantu Gheorghe,RO,2022-08-04 01:30:05,45.8667,25.7833,61.27,78,4,2.26
245,Calvinia,ZA,2022-08-04 01:30:54,-31.4707,19.776,45.73,97,2,3.91
246,Phultala,BD,2022-08-04 01:30:54,22.7,89.5167,81.84,85,100,6.78
247,Workington,GB,2022-08-04 01:29:50,54.6425,-3.5441,56.82,94,98,7.45
248,Entre Rios,BR,2022-08-04 01:26:48,-11.9419,-38.0844,66.36,92,25,3.96
249,Japura,ID,2022-08-04 01:30:55,-0.3167,102.35,79.3,85,100,2.1
250,Regina,CA,2022-08-04 01:30:55,50.4501,-104.6178,69.78,66,75,13.8
251,Kahului,US,2022-08-04 01:27:44,20.8947,-156.47,86.02,54,40,23.02
252,Port Hedland,AU,2022-08-04 01:30:55,-20.3167,118.5667,69.85,52,5,11.5
253,Sitka,US,2022-08-04 01:30:56,57.0531,-135.33,62.49,72,100,13.8
254,Rorvik,NO,2022-08-04 01:30:56,64.8621,11.2373,55.62,95,100,16.13
255,Bulungu,CD,2022-08-04 01:30:56,-4.55,18.6,73.6,67,3,3.38
256,Touros,BR,2022-08-04 01:30:57,-5.1989,-35.4608,74.43,89,21,5.17
257,Mirabela,BR,2022-08-04 01:30:57,-16.2628,-44.1644,65.28,49,0,4.47
258,Sola,VU,2022-08-04 01:30:57,-13.8833,167.55,81.5,73,18,12.62
259,Fort Nelson,CA,2022-08-04 01:30:40,58.8053,-122.7002,56.79,94,75,2.3
260,Kampen,NL,2022-08-04 01:30:58,52.555,5.9111,69.96,86,34,2.77
261,Fort Dodge,US,2022-08-04 01:30:58,42.4975,-94.168,81.01,54,0,8.05
262,Luena,AO,2022-08-04 01:30:58,-11.7833,19.9167,56.95,87,5,3.36
263,Fairbanks,US,2022-08-04 01:29:22,64.8378,-147.7164,74.08,40,20,5.75
264,Pisco,PE,2022-08-04 01:30:59,-13.7,-76.2167,61.02,82,100,3.44
265,Teya,RU,2022-08-04 01:30:59,60.3778,92.6267,50.14,98,100,3.56
266,Hofn,IS,2022-08-04 01:30:59,64.2539,-15.2082,47.14,75,99,15.43
267,Rozivka,UA,2022-08-04 01:31:00,46.9385,35.7724,68.25,73,0,4.38
268,Sao Gabriel Da Cachoeira,BR,2022-08-04 01:31:00,-0.1303,-67.0892,73.08,97,98,1.21
269,Lagoa,PT,2022-08-04 01:31:00,39.05,-27.9833,73.98,90,15,4.9
270,Zambezi,ZM,2022-08-04 01:31:01,-13.5432,23.1047,55.44,46,1,5.19
271,Puerto Escondido,MX,2022-08-04 01:31:01,15.85,-97.0667,83.23,61,75,6.91
272,Jacareacanga,BR,2022-08-04 01:31:01,-6.2222,-57.7528,82.76,50,98,1.05
273,Visnes,NO,2022-08-04 01:31:02,59.3556,5.2242,60.85,88,100,11.5
274,Zhigansk,RU,2022-08-04 01:31:02,66.7697,123.3711,52.54,52,100,21.97
275,Okhotsk,RU,2022-08-04 01:31:02,59.3833,143.3,58.41,84,100,4.34
276,Baykit,RU,2022-08-04 01:31:03,61.67,96.37,50.38,87,100,4.23
277,Sao Francisco De Assis,BR,2022-08-04 01:32:03,-29.5503,-55.1311,64.0,93,100,5.5
278,Komsomolskiy,UZ,2022-08-04 01:28:54,40.4272,71.7189,74.37,44,20,1.7
279,Bolshaya Rechka,RU,2022-08-04 01:32:04,51.9503,104.7355,62.87,86,100,6.11
280,Vanavara,RU,2022-08-04 01:32:04,60.34,102.2797,55.89,79,100,6.38
281,Vao,NC,2022-08-04 01:32:04,-22.6667,167.4833,71.71,82,34,13.2
282,Alyangula,AU,2022-08-04 01:32:05,-13.8483,136.4192,80.04,74,69,10.2
283,Saint-Augustin,CA,2022-08-04 01:32:05,51.226,-58.6502,58.33,85,67,12.68
284,Port Hardy,CA,2022-08-04 01:30:19,50.6996,-127.4199,57.38,94,75,2.3
285,Chumikan,RU,2022-08-04 01:32:06,54.7183,135.315,55.38,95,100,0.78
286,Lata,PT,2022-08-04 01:32:06,40.1629,-8.3327,60.85,95,83,1.39
287,Talnakh,RU,2022-08-04 01:32:07,69.4865,88.3972,60.21,47,98,4.38
288,Manzhouli,CN,2022-08-04 01:32:07,49.6,117.4333,70.02,87,100,3.58
289,Port Shepstone,ZA,2022-08-04 01:32:07,-30.7414,30.455,64.36,68,7,4.34
290,Chokurdakh,RU,2022-08-04 01:32:08,70.6333,147.9167,48.54,62,100,14.92
291,Bandarbeyla,SO,2022-08-04 01:32:08,9.4942,50.8122,76.77,76,100,27.98
292,Sabha,LY,2022-08-04 01:32:08,27.0377,14.4283,84.49,30,4,10.25
293,Canberra,AU,2022-08-04 01:29:56,-35.2835,149.1281,57.54,94,100,21.85
294,Kaitangata,NZ,2022-08-04 01:31:13,-46.2817,169.8464,55.02,60,59,5.1
295,Pacific Grove,US,2022-08-04 01:32:09,36.6177,-121.9166,77.02,82,40,8.05
296,Havoysund,NO,2022-08-04 01:32:09,70.9963,24.6622,57.43,79,100,11.99
297,Northam,GB,2022-08-04 01:29:05,51.0333,-4.2167,61.25,94,100,10.51
298,Kapoeta,SS,2022-08-04 01:30:25,4.7717,33.5903,74.26,63,22,4.88
299,Asilah,MA,2022-08-04 01:32:10,35.465,-6.0348,75.16,89,10,5.19
300,Gizo,SB,2022-08-04 01:32:10,-8.103,156.8419,84.88,64,7,4.29
301,Ashqelon,IL,2022-08-04 01:32:11,31.6693,34.5715,78.69,80,7,2.77
302,Sao Filipe,CV,2022-08-04 01:32:11,14.8961,-24.4956,76.93,86,91,2.13
303,Ginda,IN,2022-08-04 01:32:12,30.6945,78.4932,66.7,94,99,0.16
304,Coihaique,CL,2022-08-04 01:32:12,-45.5752,-72.0662,37.35,81,20,5.75
305,Novyy Urgal,RU,2022-08-04 01:32:12,51.0736,132.5642,77.07,64,41,0.18
306,Tarko-Sale,RU,2022-08-04 01:32:13,64.9225,77.785,67.17,50,92,3.76
307,Lagunillas,VE,2022-08-04 01:32:13,10.1301,-71.2595,77.7,89,100,4.72
308,Launceston,AU,2022-08-04 01:32:13,-41.45,147.1667,57.79,91,100,10.36
309,Luzhou,CN,2022-08-04 01:32:14,28.8724,105.4405,85.62,76,25,5.19
310,College,US,2022-08-04 01:29:45,64.8569,-147.8028,74.07,39,75,5.75
311,Asosa,ET,2022-08-04 01:32:14,10.0667,34.5333,57.18,94,100,3.58
312,Antalaha,MG,2022-08-04 01:31:31,-14.9003,50.2788,66.81,83,32,7.14
313,Dalvik,IS,2022-08-04 01:32:15,65.9702,-18.5286,44.53,97,100,7.92
314,Turukhansk,RU,2022-08-04 01:32:15,65.8167,87.9833,58.78,44,18,5.86
315,Cubuk,TR,2022-08-04 01:32:15,40.2386,33.0322,73.15,68,0,13.8
316,Lavrentiya,RU,2022-08-04 01:32:16,65.5833,-171.0,49.59,80,61,7.45
317,Tura,IN,2022-08-04 01:30:33,25.5198,90.2201,75.33,94,100,0.76
318,Nuuk,GL,2022-08-04 01:32:16,64.1835,-51.7216,47.88,93,100,15.79
319,Jasper,US,2022-08-04 01:32:17,37.2001,-94.3502,96.85,45,40,10.36
320,Karpathos,GR,2022-08-04 01:32:17,35.507,27.2132,73.36,94,1,19.57
321,Bardiyah,LY,2022-08-04 01:32:17,31.7561,25.0865,76.87,71,0,10.49
322,Deogarh,IN,2022-08-04 01:32:18,21.5333,84.7333,81.59,77,100,3.06
323,Rasht,IR,2022-08-04 01:33:18,37.2808,49.5832,78.62,100,75,4.61
324,Ambikapur,IN,2022-08-04 01:33:18,23.1167,83.2,79.48,77,100,3.31
325,Saint-Joseph,RE,2022-08-04 01:33:19,-21.3667,55.6167,63.21,81,25,9.22
326,Tulum,MX,2022-08-04 01:30:08,20.2167,-87.4667,79.83,86,5,6.15
327,Codrington,AU,2022-08-04 01:33:19,-38.2667,141.9667,57.65,63,0,18.63
328,Uppsala,SE,2022-08-04 01:33:19,60.0,17.75,65.71,88,40,11.5
329,Henties Bay,NA,2022-08-04 01:33:20,-22.116,14.2845,53.47,95,99,6.31
330,Bogo,PH,2022-08-04 01:33:20,11.0517,124.0055,86.11,68,98,6.73
331,Thaba-Tseka,LS,2022-08-04 01:33:20,-29.522,28.6084,40.77,87,80,3.27
332,Frontera,MX,2022-08-04 01:30:29,26.9333,-101.45,98.33,28,2,8.99
333,Muisne,EC,2022-08-04 01:33:21,0.6,-80.0333,73.51,88,90,8.23
334,Pozo Colorado,PY,2022-08-04 01:33:21,-23.4923,-58.7972,82.49,31,100,5.1
335,Naryan-Mar,RU,2022-08-04 01:33:22,67.6713,53.087,55.53,83,100,15.32
336,Nhulunbuy,AU,2022-08-04 01:33:22,-12.2333,136.7667,83.01,74,75,12.66
337,Husavik,IS,2022-08-04 01:33:23,66.0449,-17.3389,42.71,94,100,17.43
338,Tilichiki,RU,2022-08-04 01:33:23,60.4667,166.1,61.03,62,85,12.75
339,Port Blair,IN,2022-08-04 01:33:23,11.6667,92.75,81.57,82,100,24.61
340,Fuxin,CN,2022-08-04 01:33:24,42.0156,121.6589,87.91,66,88,11.01
341,Qaqortoq,GL,2022-08-04 01:33:24,60.7167,-46.0333,46.9,98,100,21.14
342,Grand Gaube,MU,2022-08-04 01:33:24,-20.0064,57.6608,68.4,67,100,15.97
343,Te Anau,NZ,2022-08-04 01:33:25,-45.4167,167.7167,43.56,94,100,5.86
344,Floro,NO,2022-08-04 01:33:25,61.5996,5.0328,58.23,94,100,10.36
345,Aquiraz,BR,2022-08-04 01:28:55,-3.9014,-38.3911,79.18,81,46,7.9
346,Port Macquarie,AU,2022-08-04 01:33:26,-31.4333,152.9167,70.9,62,81,13.15
347,Trapani,IT,2022-08-04 01:30:43,37.8333,12.6667,79.27,78,0,3.44
348,Santa Maria,BR,2022-08-04 01:33:26,-29.6842,-53.8069,63.7,100,75,4.61
349,Pedernales,DO,2022-08-04 01:33:26,18.0384,-71.744,81.12,68,100,4.52
350,Roma,US,2022-08-04 01:33:27,43.2128,-75.4557,78.87,71,0,4.61
351,Castlemaine,AU,2022-08-04 01:33:27,-37.0667,144.2167,56.28,72,94,13.29
352,Rosamorada,MX,2022-08-04 01:33:27,22.1222,-105.2058,81.28,78,5,1.97
353,Quijingue,BR,2022-08-04 01:33:28,-10.7525,-39.2092,66.45,81,58,5.12
354,Pechenga,RU,2022-08-04 01:33:28,69.5259,31.1703,55.15,88,99,11.18
355,Cairns,AU,2022-08-04 01:30:33,-16.9167,145.7667,84.07,68,100,10.36
356,San Quintin,MX,2022-08-04 01:33:28,30.4833,-115.95,71.15,81,84,13.91
357,Raymond,US,2022-08-04 01:33:29,43.9015,-70.4703,69.75,81,9,4.25
358,Saldanha,ZA,2022-08-04 01:29:28,-33.0117,17.9442,55.54,69,91,6.91
359,Raahe,FI,2022-08-04 01:33:29,64.6833,24.4833,60.89,95,100,17.52
360,Pio Ix,BR,2022-08-04 01:33:30,-6.8375,-40.5792,71.56,74,81,9.57
361,Sinnamary,GF,2022-08-04 01:33:30,5.3833,-52.95,78.01,87,22,9.48
362,Ouesso,CG,2022-08-04 01:33:30,1.6136,16.0517,69.71,86,100,1.86
363,Peleduy,RU,2022-08-04 01:33:31,59.6289,112.7406,64.8,59,99,10.16
364,Two Rivers,US,2022-08-04 01:33:31,44.1539,-87.5693,79.29,82,0,6.91
365,Makakilo City,US,2022-08-04 01:33:31,21.3469,-158.0858,84.56,54,100,18.41
366,Khammam,IN,2022-08-04 01:33:32,17.25,80.15,80.24,84,100,4.38
367,Phuthaditjhaba,ZA,2022-08-04 01:33:32,-28.5242,28.8158,46.04,80,59,4.7
368,Deputatskiy,RU,2022-08-04 01:33:32,69.3,139.9,44.89,67,98,3.22
369,Berezovyy,RU,2022-08-04 01:34:33,51.6667,135.7,64.49,85,100,3.02
370,San Juan,AR,2022-08-04 01:29:34,-31.5375,-68.5364,52.97,44,0,3.11
371,Coahuayana,MX,2022-08-04 01:34:33,18.7333,-103.6833,80.1,85,87,1.72
372,Lewistown,US,2022-08-04 01:34:34,40.5992,-77.5714,81.81,86,0,0.0
373,Burnie,AU,2022-08-04 01:32:08,-41.0667,145.9167,57.94,79,39,12.62
374,Linkoping,SE,2022-08-04 01:34:34,58.4109,15.6216,67.39,94,75,5.75
375,Spring Valley,US,2022-08-04 01:34:34,36.108,-115.245,105.75,22,40,9.22
376,Georgetown,MY,2022-08-04 01:34:13,5.4112,100.3354,82.89,89,40,3.44
377,Chapais,CA,2022-08-04 01:34:35,49.7834,-74.8492,60.58,90,99,9.62
378,Vardo,NO,2022-08-04 01:34:35,70.3705,31.1107,55.38,94,75,9.22
379,Poddorye,RU,2022-08-04 01:34:36,57.4695,31.1156,55.69,92,4,2.42
380,Yinchuan,CN,2022-08-04 01:33:03,38.4681,106.2731,87.03,44,22,3.62
381,Honiara,SB,2022-08-04 01:34:36,-9.4333,159.95,86.0,68,31,8.34
382,Natal,BR,2022-08-04 01:31:54,-5.795,-35.2094,77.22,94,75,4.61
383,Buckhaven,GB,2022-08-04 01:34:36,56.1715,-3.0338,55.72,87,71,1.99
384,Changping,CN,2022-08-04 01:34:37,40.2186,116.2197,87.44,52,9,4.25
385,Tiznit,MA,2022-08-04 01:34:37,29.5833,-9.5,83.55,30,98,0.51
386,Benguela,AO,2022-08-04 01:34:37,-12.5763,13.4055,63.97,83,0,4.21
387,Balod,IN,2022-08-04 01:34:38,20.73,81.2047,81.72,72,100,3.22
388,Asau,RO,2022-08-04 01:34:38,46.4333,26.4,63.95,92,13,4.65
389,Dukat,RU,2022-08-04 01:34:38,62.55,155.55,68.38,57,95,2.57
390,Petropavlovsk-Kamchatskiy,RU,2022-08-04 01:31:44,53.0452,158.6483,66.79,56,40,6.71
391,Tiete,BR,2022-08-04 01:34:39,-23.1019,-47.7147,62.24,71,0,4.92
392,Miracatu,BR,2022-08-04 01:34:39,-24.2814,-47.4597,60.75,99,23,2.35
393,Tholos,GR,2022-08-04 01:34:40,40.9999,23.7823,73.24,71,73,1.9
394,Damaturu,NG,2022-08-04 01:34:40,11.747,11.9608,72.7,84,6,8.3
395,Taitung,TW,2022-08-04 01:34:40,22.7583,121.1444,86.27,74,75,2.3
396,Faya,SA,2022-08-04 01:34:41,18.3851,42.4509,63.12,72,100,5.84
397,Bonnyville,CA,2022-08-04 01:34:41,54.2668,-110.735,66.0,94,100,8.86
398,Taseyevo,RU,2022-08-04 01:34:41,57.2169,94.8978,54.07,87,100,3.27
399,Ahwa,IN,2022-08-04 01:34:42,20.75,73.6833,75.06,89,40,1.45
400,Itarema,BR,2022-08-04 01:34:42,-2.9248,-39.9167,75.38,85,8,10.11
401,Moth,IN,2022-08-04 01:34:42,25.7167,78.95,87.35,62,100,4.12
402,Galle,LK,2022-08-04 01:34:43,6.0367,80.217,77.2,81,100,21.9
403,Ribeira Brava,PT,2022-08-04 01:34:43,32.65,-17.0667,73.0,80,5,5.86
404,Qax,AZ,2022-08-04 01:34:43,41.4225,46.9242,72.59,66,0,3.83
405,Alihe,CN,2022-08-04 01:34:44,50.5667,123.7167,86.85,48,71,6.02
406,Varna,BG,2022-08-04 01:34:44,43.2167,27.9167,69.87,96,0,0.0
407,Cartagena,CO,2022-08-04 01:31:38,10.3997,-75.5144,80.22,89,40,4.61
408,Betare Oya,CM,2022-08-04 01:34:45,5.6,14.0833,65.48,97,100,1.41
409,Przasnysz,PL,2022-08-04 01:34:45,53.0191,20.8803,61.66,77,92,6.98
410,Sabang,ID,2022-08-04 01:34:45,5.8933,95.3214,82.09,61,100,3.8
411,Belaya Gora,RU,2022-08-04 01:34:46,68.5333,146.4167,47.97,77,100,10.96
412,Itaituba,BR,2022-08-04 01:34:46,-4.2761,-55.9836,76.77,69,74,1.43
413,Dalbandin,PK,2022-08-04 01:35:46,28.8947,64.4101,86.38,18,4,4.18
414,Brighton,GB,2022-08-04 01:32:36,50.8284,-0.1395,66.61,94,5,1.99
415,Navahrudak,BY,2022-08-04 01:35:47,53.6,25.8333,56.37,92,6,3.71
416,San Cristobal,VE,2022-08-04 01:35:47,7.7669,-72.225,69.98,93,84,1.43
417,Waddan,LY,2022-08-04 01:35:47,29.1614,16.139,77.47,56,1,9.73
418,Alindao,CF,2022-08-04 01:35:48,5.0267,21.2088,68.32,96,96,0.96
419,Mitsamiouli,KM,2022-08-04 01:35:48,-11.3847,43.2844,74.25,71,0,5.19
420,Vila Franca Do Campo,PT,2022-08-04 01:35:48,37.7167,-25.4333,73.81,93,38,5.14
421,Port Hawkesbury,CA,2022-08-04 01:35:49,45.6169,-61.3485,68.43,94,40,2.3
422,Araci,BR,2022-08-04 01:35:49,-11.3333,-38.9667,68.76,79,86,6.38
423,Opuwo,NA,2022-08-04 01:35:49,-18.0607,13.84,52.3,23,2,2.06
424,Stawell,AU,2022-08-04 01:35:49,-37.05,142.7667,57.52,53,0,16.62
425,Maniitsoq,GL,2022-08-04 01:35:50,65.4167,-52.9,47.12,92,100,10.58
426,La Esperanza,GT,2022-08-04 01:35:50,14.8667,-91.5667,55.08,92,100,5.84
427,Jerome,US,2022-08-04 01:35:50,42.7241,-114.5186,91.67,27,0,3.44
428,Jibuti,DJ,2022-08-04 01:35:51,11.5,42.5,83.41,50,50,5.66
429,Simi,SL,2022-08-04 01:35:51,9.5667,-12.35,72.25,99,100,2.75
430,Layou,VC,2022-08-04 01:35:51,13.2,-61.2667,77.52,83,100,11.21
431,Kannangad,IN,2022-08-04 01:35:52,12.3081,75.1063,77.32,91,100,9.48
432,Tahta,EG,2022-08-04 01:35:52,26.7693,31.5021,83.7,31,4,7.18
433,Mana,GF,2022-08-04 01:35:52,5.6592,-53.7767,77.47,89,69,8.48
434,Myitkyina,MM,2022-08-04 01:35:54,25.3833,97.4,81.66,85,97,0.38
435,Bac Lieu,VN,2022-08-04 01:35:54,9.285,105.7244,81.88,79,100,7.72
436,Boulder City,US,2022-08-04 01:31:40,35.9786,-114.8325,105.22,23,53,12.66
437,Mount Gambier,AU,2022-08-04 01:35:54,-37.8333,140.7667,57.58,63,0,14.7
438,Riyadh,SA,2022-08-04 01:35:55,24.6877,46.7219,93.34,32,7,4.59
439,Voyvozh,RU,2022-08-04 01:35:55,62.892,54.9635,63.23,68,91,5.08
440,Sioux Lookout,CA,2022-08-04 01:35:55,50.1001,-91.917,62.67,67,75,6.91
441,Bandar-E Anzali,IR,2022-08-04 01:35:55,37.4727,49.4622,78.91,78,0,3.36
442,Raudeberg,NO,2022-08-04 01:35:56,61.9875,5.1352,52.47,64,100,6.44
443,Port Moresby,PG,2022-08-04 01:32:47,-9.4431,147.1797,87.22,66,40,12.66
444,Karratha,AU,2022-08-04 01:35:56,-20.7377,116.8463,69.94,46,2,13.58
445,Acari,PE,2022-08-04 01:35:57,-15.4311,-74.6158,62.33,78,51,3.56
446,Broken Hill,AU,2022-08-04 01:35:57,-31.95,141.4333,69.96,32,16,24.36
447,Heihe,CN,2022-08-04 01:35:57,50.2441,127.4902,84.78,53,100,6.82
448,Khandyga,RU,2022-08-04 01:35:58,62.6667,135.6,71.8,70,99,2.53
449,Salalah,OM,2022-08-04 01:31:57,17.0151,54.0924,78.89,94,100,4.61
450,Sharan,RU,2022-08-04 01:35:58,54.8167,54.0,61.9,75,52,3.51
451,Clarence Town,AU,2022-08-04 01:35:58,-32.5833,151.7833,71.98,61,99,3.51
452,Majene,ID,2022-08-04 01:35:59,-3.5403,118.9707,81.82,75,47,12.08
453,Antofagasta,CL,2022-08-04 01:31:54,-23.65,-70.4,56.48,76,4,9.73
454,Southbridge,US,2022-08-04 01:34:23,42.0751,-72.0334,75.22,99,0,4.7
455,Semirom,IR,2022-08-04 01:35:59,31.4167,51.5667,67.32,32,0,2.95
456,Pochutla,MX,2022-08-04 01:35:59,15.7432,-96.4661,82.22,83,35,2.77
457,Moyo,UG,2022-08-04 01:36:00,3.6609,31.7247,62.46,94,10,1.97
458,Sendai,JP,2022-08-04 01:36:00,38.2689,140.8719,73.96,89,75,5.75
459,Cabedelo,BR,2022-08-04 01:36:00,-6.9811,-34.8339,74.07,84,43,7.56
460,Krasnoselkup,RU,2022-08-04 01:36:01,65.7,82.4667,60.3,52,7,3.6
461,Bose,IT,2022-08-04 01:37:01,45.4612,8.0137,76.28,65,6,3.85
462,Amahai,ID,2022-08-04 01:37:01,-3.3333,128.9167,81.25,76,97,3.56
463,Camacha,PT,2022-08-04 01:32:18,33.0833,-16.3333,67.42,73,75,11.5
464,Namibe,AO,2022-08-04 01:37:02,-15.1961,12.1522,59.04,85,2,5.55
465,Tuatapere,NZ,2022-08-04 01:37:02,-46.1333,167.6833,51.13,77,30,9.75
466,Otjimbingwe,NA,2022-08-04 01:37:03,-22.35,16.1333,49.98,30,68,3.11
467,Kalengwa,ZM,2022-08-04 01:37:03,-13.4659,25.0027,56.82,58,0,7.29
468,Emmerich,DE,2022-08-04 01:37:03,51.8333,6.25,75.34,65,97,7.38
469,Batagay-Alyta,RU,2022-08-04 01:37:04,67.8006,130.4114,43.16,85,100,3.09
470,Zhaozhou,CN,2022-08-04 01:37:04,45.6833,125.3167,84.29,65,1,8.57
471,Los Llanos De Aridane,ES,2022-08-04 01:37:05,28.6585,-17.9182,67.75,83,75,19.57
472,Bayan,CN,2022-08-04 01:37:05,46.0833,127.4,83.28,64,0,5.1
473,Fuerte Olimpo,PY,2022-08-04 01:37:05,-21.0415,-57.8738,76.98,28,83,5.08
474,Nemuro,JP,2022-08-04 01:37:06,43.3236,145.575,60.28,89,100,11.61
475,Puerto Maldonado,PE,2022-08-04 01:37:06,-12.6,-69.1833,78.28,70,94,1.97
476,Krasnyy,RU,2022-08-04 01:37:06,54.5678,31.4333,61.21,93,60,4.9
477,Sambava,MG,2022-08-04 01:37:07,-14.2667,50.1667,65.3,85,3,9.4
478,Saint-Michel-Des-Saints,CA,2022-08-04 01:37:07,46.6834,-73.9159,66.42,71,100,8.01
479,Hachinohe,JP,2022-08-04 01:37:07,40.5,141.5,71.73,76,100,9.28
480,Mahajanga,MG,2022-08-04 01:37:08,-15.7167,46.3167,64.42,77,0,4.61
481,Reconquista,AR,2022-08-04 01:37:08,-29.15,-59.65,62.98,98,99,4.29
482,Dwarka,IN,2022-08-04 01:37:08,22.2394,68.9678,82.11,78,100,8.99
483,Jacmel,HT,2022-08-04 01:37:09,18.2342,-72.5347,82.24,81,100,2.17
484,Rio Gallegos,AR,2022-08-04 01:37:09,-51.6226,-69.2181,37.99,90,100,6.78
485,Buraydah,SA,2022-08-04 01:37:10,26.326,43.975,90.05,31,100,8.86
486,Kulhudhuffushi,MV,2022-08-04 01:37:10,6.6221,73.07,79.84,79,100,23.87
487,Akyab,MM,2022-08-04 01:37:10,20.15,92.9,83.86,80,82,12.66
488,Areosa,PT,2022-08-04 01:37:11,41.7178,-8.8571,64.45,93,61,8.61
489,Lazaro Cardenas,MX,2022-08-04 01:37:11,17.9583,-102.2,82.35,79,61,4.47
490,Whitehorse,CA,2022-08-04 01:33:33,60.7161,-135.0538,61.57,82,75,8.05
491,Beloha,MG,2022-08-04 01:37:12,-25.1667,45.05,60.01,83,1,7.31
492,Necochea,AR,2022-08-04 01:37:12,-38.5473,-58.7368,45.01,93,4,5.08
493,Matara,LK,2022-08-04 01:37:12,5.9485,80.5353,76.41,82,100,19.08
494,Sao Domingos Do Maranhao,BR,2022-08-04 01:35:51,-5.5758,-44.3853,77.7,56,75,3.58
495,Narsaq,GL,2022-08-04 01:37:13,60.9167,-46.05,48.42,99,100,6.06
496,Haines Junction,CA,2022-08-04 01:37:13,60.7522,-137.5108,66.15,55,49,8.05
497,Ferrol,ES,2022-08-04 01:37:14,43.4832,-8.2369,67.26,89,100,7.99
498,Dese,ET,2022-08-04 01:37:14,11.1333,39.6333,54.48,81,100,2.44
499,Vitim,RU,2022-08-04 01:37:15,59.4511,112.5578,64.63,55,73,10.25
500,Pauini,BR,2022-08-04 01:37:15,-7.7136,-66.9764,79.48,67,88,2.95
501,Leningradskiy,RU,2022-08-04 01:37:15,69.3833,178.4167,40.46,94,100,4.29
502,Brekstad,NO,2022-08-04 01:37:16,63.687,9.6654,59.0,94,75,5.75
503,La Playa,PR,2022-08-04 01:37:16,18.2875,-67.1869,80.24,88,79,3.0
504,Mocuba,MZ,2022-08-04 01:37:16,-16.8392,36.9856,61.02,98,13,1.7
505,Huarmey,PE,2022-08-04 01:37:17,-10.0681,-78.1522,62.83,85,19,11.63
506,Popondetta,PG,2022-08-04 01:38:17,-8.7537,148.2534,91.87,43,8,5.55
507,Porto Torres,IT,2022-08-04 01:38:17,40.835,8.3972,75.38,73,0,0.74
508,Samarai,PG,2022-08-04 01:38:18,-10.6167,150.6667,81.43,80,12,13.24
509,Adre,TD,2022-08-04 01:38:18,13.4667,22.2,70.16,88,100,7.54
510,Bafia,CM,2022-08-04 01:38:18,4.75,11.2333,67.12,99,100,0.94
511,Otofuke,JP,2022-08-04 01:38:18,42.9917,143.2003,65.35,84,100,4.5
512,Dingzhou,CN,2022-08-04 01:38:19,38.5131,114.9956,87.91,59,4,1.92
513,Bengkulu,ID,2022-08-04 01:38:19,-3.8004,102.2655,78.89,83,77,5.41
514,Saucillo,MX,2022-08-04 01:38:19,28.0167,-105.2833,92.5,22,53,10.49
515,Weston,US,2022-08-04 01:38:20,26.1004,-80.3998,84.99,74,0,8.05
516,Lubao,PH,2022-08-04 01:38:20,14.9167,120.55,85.71,74,100,3.44
517,La Palma,US,2022-08-04 01:38:20,33.8464,-118.0467,92.97,65,40,11.5
518,Daru,PG,2022-08-04 01:38:21,-9.0763,143.2092,80.6,87,18,16.44
519,Betafo,MG,2022-08-04 01:38:21,-19.8333,46.85,52.0,85,65,3.85
520,Padilla,CO,2022-08-04 01:38:22,3.2204,-76.3139,71.17,92,78,3.49
521,Maple Creek,CA,2022-08-04 01:38:22,49.9168,-109.4848,87.85,12,19,14.97
522,Kargasok,RU,2022-08-04 01:38:22,59.0556,80.8572,59.07,61,7,9.1
523,Sale,MA,2022-08-04 01:38:22,34.0389,-6.8166,72.28,83,75,4.61
524,Kibala,TD,2022-08-04 01:38:23,9.1104,18.3463,70.92,92,86,2.57
525,Ndungu,TZ,2022-08-04 01:38:23,-4.3667,38.05,63.66,92,54,1.12
526,Buluang,PH,2022-08-04 01:38:23,13.3068,123.3425,82.29,84,100,3.71
527,Walvis Bay,NA,2022-08-04 01:38:24,-22.9575,14.5053,53.1,93,7,5.75
528,Padrauna,IN,2022-08-04 01:38:24,26.9025,83.9819,80.15,89,100,11.05
529,Saint-Pierre,RE,2022-08-04 01:38:24,-21.3393,55.4781,64.9,78,0,0.0
530,Sahuaripa,MX,2022-08-04 01:38:25,29.05,-109.2333,73.92,87,100,6.69
531,Puerto Narino,CO,2022-08-04 01:38:25,-3.7703,-70.3831,76.46,85,99,2.28
532,Roebourne,AU,2022-08-04 01:38:25,-20.7833,117.1333,70.16,46,0,13.58
533,Kozani,GR,2022-08-04 01:38:26,40.3011,21.7864,68.16,72,30,2.3
534,Talaya,RU,2022-08-04 01:38:26,61.3833,152.75,72.37,52,47,6.91
535,Ilanskiy,RU,2022-08-04 01:38:26,56.2358,96.065,54.43,79,100,5.26
536,Kathu,TH,2022-08-04 01:38:27,7.9178,98.3332,84.74,78,100,7.87
537,Turayf,SA,2022-08-04 01:38:27,31.6725,38.6637,82.65,28,0,13.8
538,Mut,TR,2022-08-04 01:38:27,36.6439,33.4389,79.97,59,0,1.61
539,Gijon,ES,2022-08-04 01:38:28,43.5357,-5.6615,69.01,89,95,2.42
540,Nizwa,OM,2022-08-04 01:38:28,22.9333,57.5333,87.19,58,14,0.81
541,Salto,UY,2022-08-04 01:37:59,-31.3833,-57.9667,59.88,100,100,11.01
542,Abong Mbang,CM,2022-08-04 01:38:28,3.9833,13.1833,65.43,97,76,2.73
543,Grindavik,IS,2022-08-04 01:38:29,63.8424,-22.4338,46.35,87,40,11.5
544,Conakry,GN,2022-08-04 01:38:29,9.538,-13.6773,75.27,94,75,13.8
545,Arroyo,ES,2022-08-04 01:38:29,41.6096,-4.7969,71.15,67,0,6.91
546,Kutum,SD,2022-08-04 01:38:30,14.2,24.6667,74.16,63,100,7.9
547,Novyy Urengoy,RU,2022-08-04 01:38:30,66.0833,76.6333,68.02,48,57,6.11
548,Da Nang,VN,2022-08-04 01:35:52,16.0678,108.2208,89.58,62,0,1.14
549,Belmonte,BR,2022-08-04 01:38:31,-15.8631,-38.8828,69.57,74,2,5.08
550,Kavaratti,IN,2022-08-04 01:38:31,10.5669,72.642,77.7,90,100,29.1
551,Bambanglipuro,ID,2022-08-04 01:38:31,-7.95,110.2833,81.18,70,32,10.31
552,Kachiry,KZ,2022-08-04 01:38:31,53.0675,76.1036,64.49,56,59,9.46
553,Nantucket,US,2022-08-04 01:35:18,41.2835,-70.0995,73.51,94,0,4.61
554,Adrar,MR,2022-08-04 01:39:32,20.5022,-10.0711,92.98,31,3,15.05
555,Westport,US,2022-08-04 01:39:32,41.1415,-73.3579,78.62,66,0,10.36
556,Marsa Matruh,EG,2022-08-04 01:39:33,31.3525,27.2453,75.4,78,0,4.61
557,Puerto Penasco,MX,2022-08-04 01:34:51,31.3167,-113.5333,86.92,76,0,5.99
558,Aklavik,CA,2022-08-04 01:39:33,68.2191,-135.0107,68.74,48,98,3.56
559,Cookeville,US,2022-08-04 01:39:33,36.1628,-85.5016,79.59,87,75,0.0
560,Manta,EC,2022-08-04 01:39:34,-0.95,-80.7333,71.38,83,20,5.75
561,Olenegorsk,RU,2022-08-04 01:39:34,68.15,33.3,54.9,80,97,9.08
562,Astoria,US,2022-08-04 01:39:34,46.1879,-123.8313,66.56,79,100,6.91
563,Kloulklubed,PW,2022-08-04 01:39:35,7.0419,134.2556,81.1,89,100,20.47
564,Atar,MR,2022-08-04 01:39:35,20.5169,-13.0499,86.31,44,12,11.39
565,Chifeng,CN,2022-08-04 01:39:36,42.2683,118.9636,89.29,48,84,11.34
566,Penzance,GB,2022-08-04 01:39:36,50.1186,-5.5371,59.68,76,100,17.67
567,Lazarev,RU,2022-08-04 01:39:36,52.225,141.5131,59.5,95,100,12.55
568,Mata,PT,2022-08-04 01:39:37,40.683,-7.4592,68.76,71,0,0.92
569,Mamlyutka,KZ,2022-08-04 01:39:37,54.9375,68.5394,60.87,74,0,6.26
570,Ise,JP,2022-08-04 01:35:07,34.4833,136.7,81.72,57,65,10.4
